Workbook

Sheet 780 a pred
A1: product_id | B1: cluster_2018 | C1: Tons Prom Oct-Dic19 | D1: #Meses completos Ene-Dic'18 | E1: %Ton/Cluster | F1: Seleccionado | H1: Etiquetas de fila | I1: Cuenta de product_id | K1: Tons Prom Oct-Dic19 | M1: Ranking por Ton
A2: 20002 | B2: 3 | C2: 1496.8074 | D2: 12 | E2: =$C2/SUMIF($B$2:$B$781,B2,$C$2:$C$781) -> 0.45196106 | F2: =IF(AND(OR(B2=0,B2=3,B2=7),D2=12),"Sí","") -> Sí | H2: 0 | I2: 456 | J2: =I2/I$11 -> 0.58461538 | K2: =SUMIF($B$2:$B$781,H2,$C$2:$C$781) -> 15263.19 | L2: =K2/K$11 -> 0.49665076 | M2: 1ro
A3: 20001 | B3: 7 | C3: 1487.8555 | D3: 12 | E3: =$C3/SUMIF($B$2:$B$781,B3,$C$2:$C$781) -> 0.22459249 | F3: =IF(AND(OR(B3=0,B3=3,B3=7),D3=12),"Sí","") -> Sí | H3: 1 | I3: 14 | J3: =I3/I$11 -> 0.017948718 | K3: =SUMIF($B$2:$B$781,H3,$C$2:$C$781) -> 438.70251 | L3: =K3/K$11 -> 0.014274993 | M3: 6to
A4: 20003 | B4: 3 | C4: 974.05389 | D4: 12 | E4: =$C4/SUMIF($B$2:$B$781,B4,$C$2:$C$781) -> 0.29411561 | F4: =IF(AND(OR(B4=0,B4=3,B4=7),D4=12),"Sí","") -> Sí | H4: 2 | I4: 66 | J4: =I4/I$11 -> 0.084615385 | K4: =SUMIF($B$2:$B$781,H4,$C$2:$C$781) -> 2473.6054 | L4: =K4/K$11 -> 0.08048894 | M4: 4to
A5: 20004 | B5: 7 | C5: 808.84614 | D5: 12 | E5: =$C5/SUMIF($B$2:$B$781,B5,$C$2:$C$781) -> 0.12209571 | F5: =IF(AND(OR(B5=0,B5=3,B5=7),D5=12),"Sí","") -> Sí | H5: 3 | I5: 13 | J5: =I5/I$11 -> 0.016666667 | K5: =SUMIF($B$2:$B$781,H5,$C$2:$C$781) -> 3311.8062 | L5: =K5/K$11 -> 0.10776325 | M5: 3ro
A6: 20005 | B6: 0 | C6: 732.31297 | D6: 12 | E6: =$C6/SUMIF($B$2:$B$781,B6,$C$2:$C$781) -> 0.047979023 | F6: =IF(AND(OR(B6=0,B6=3,B6=7),D6=12),"Sí","") -> Sí | H6: 4 | I6: 19 | J6: =I6/I$11 -> 0.024358974 | K6: =SUMIF($B$2:$B$781,H6,$C$2:$C$781) -> 86.444613 | L6: =K6/K$11 -> 0.0028128315 | M6: 8vo
A7: 20032 | B7: Serie 2018 incompleta ==> promediar | C7: 728.55481 | D7: 0 | E7: =$C7/SUMIF($B$2:$B$781,B7,$C$2:$C$781) -> 0.31630127 | F7: =IF(AND(OR(B7=0,B7=3,B7=7),D7=12),"Sí","") | H7: 5 | I7: 15 | J7: =I7/I$11 -> 0.019230769 | K7: =SUMIF($B$2:$B$781,H7,$C$2:$C$781) -> 229.25647 | L7: =K7/K$11 -> 0.0074598033 | M7: 7mo
A8: 20009 | B8: 2 | C8: 587.6926 | D8: 12 | E8: =$C8/SUMIF($B$2:$B$781,B8,$C$2:$C$781) -> 0.23758543 | F8: =IF(AND(OR(B8=0,B8=3,B8=7),D8=12),"Sí","") | H8: 6 | I8: 1 | J8: =I8/I$11 -> 0.0012820513 | K8: =SUMIF($B$2:$B$781,H8,$C$2:$C$781) -> 1.18779 | L8: =K8/K$11 -> 3.8649639e-05 | M8: 9no
A9: 20006 | B9: 0 | C9: 448.39093 | D9: 12 | E9: =$C9/SUMIF($B$2:$B$781,B9,$C$2:$C$781) -> 0.029377274 | F9: =IF(AND(OR(B9=0,B9=3,B9=7),D9=12),"Sí","") -> Sí | H9: 7 | I9: 72 | J9: =I9/I$11 -> 0.092307692 | K9: =SUMIF($B$2:$B$781,H9,$C$2:$C$781) -> 6624.6894 | L9: =K9/K$11 -> 0.21556155 | M9: 2do
A10: 20010 | B10: 7 | C10: 426.46245 | D10: 12 | E10: =$C10/SUMIF($B$2:$B$781,B10,$C$2:$C$781) -> 0.064374708 | F10: =IF(AND(OR(B10=0,B10=3,B10=7),D10=12),"Sí","") -> Sí | H10: Serie 2018 incompleta ==> promediar | I10: 124 | J10: =I10/I$11 -> 0.15897436 | K10: =SUMIF($B$2:$B$781,H10,$C$2:$C$781) -> 2303.3572 | L10: =K10/K$11 -> 0.074949213 | M10: 5to
A11: 20014 | B11: 0 | C11: 399.9632 | D11: 12 | E11: =$C11/SUMIF($B$2:$B$781,B11,$C$2:$C$781) -> 0.02620443 | F11: =IF(AND(OR(B11=0,B11=3,B11=7),D11=12),"Sí","") -> Sí | H11: Total general | I11: 780 | J11: =I11/I$11 -> 1 | K11: =SUM(K2:K10) -> 30732.24 | L11: =K11/K$11 -> 1
A12: 20007 | B12: 0 | C12: 397.88076 | D12: 12 | E12: =$C12/SUMIF($B$2:$B$781,B12,$C$2:$C$781) -> 0.026067994 | F12: =IF(AND(OR(B12=0,B12=3,B12=7),D12=12),"Sí","") -> Sí
A13: 20019 | B13: 7 | C13: 394.18423 | D13: 12 | E13: =$C13/SUMIF($B$2:$B$781,B13,$C$2:$C$781) -> 0.059502296 | F13: =IF(AND(OR(B13=0,B13=3,B13=7),D13=12),"Sí","") -> Sí
A14: 20013 | B14: 0 | C14: 393.86256 | D14: 12 | E14: =$C14/SUMIF($B$2:$B$781,B14,$C$2:$C$781) -> 0.025804733 | F14: =IF(AND(OR(B14=0,B14=3,B14=7),D14=12),"Sí","") -> Sí
A15: 20011 | B15: 0 | C15: 370.07334 | D15: 12 | E15: =$C15/SUMIF($B$2:$B$781,B15,$C$2:$C$781) -> 0.024246133 | F15: =IF(AND(OR(B15=0,B15=3,B15=7),D15=12),"Sí","") -> Sí
A16: 20015 | B16: 3 | C16: 364.1017 | D16: 12 | E16: =$C16/SUMIF($B$2:$B$781,B16,$C$2:$C$781) -> 0.10994052 | F16: =IF(AND(OR(B16=0,B16=3,B16=7),D16=12),"Sí","") -> Sí
A17: 20008 | B17: 0 | C17: 348.21295 | D17: 12 | E17: =$C17/SUMIF($B$2:$B$781,B17,$C$2:$C$781) -> 0.022813903 | F17: =IF(AND(OR(B17=0,B17=3,B17=7),D17=12),"Sí","") -> Sí
A18: 20026 | B18: 0 | C18: 306.54185 | D18: 12 | E18: =$C18/SUMIF($B$2:$B$781,B18,$C$2:$C$781) -> 0.020083734 | F18: =IF(AND(OR(B18=0,B18=3,B18=7),D18=12),"Sí","") -> Sí
A19: 20016 | B19: 0 | C19: 281.34834 | D19: 12 | E19: =$C19/SUMIF($B$2:$B$781,B19,$C$2:$C$781) -> 0.018433128 | F19: =IF(AND(OR(B19=0,B19=3,B19=7),D19=12),"Sí","") -> Sí
A20: 20023 | B20: 0 | C20: 281.27645 | D20: 12 | E20: =$C20/SUMIF($B$2:$B$781,B20,$C$2:$C$781) -> 0.018428418 | F20: =IF(AND(OR(B20=0,B20=3,B20=7),D20=12),"Sí","") -> Sí
A21: 20020 | B21: 0 | C21: 275.25971 | D21: 12 | E21: =$C21/SUMIF($B$2:$B$781,B21,$C$2:$C$781) -> 0.018034218 | F21: =IF(AND(OR(B21=0,B21=3,B21=7),D21=12),"Sí","") -> Sí
A22: 20127 | B22: Serie 2018 incompleta ==> promediar | C22: 273.6486 | D22: 0 | E22: =$C22/SUMIF($B$2:$B$781,B22,$C$2:$C$781) -> 0.11880424 | F22: =IF(AND(OR(B22=0,B22=3,B22=7),D22=12),"Sí","")
A23: 20012 | B23: 0 | C23: 270.84656 | D23: 12 | E23: =$C23/SUMIF($B$2:$B$781,B23,$C$2:$C$781) -> 0.017745082 | F23: =IF(AND(OR(B23=0,B23=3,B23=7),D23=12),"Sí","") -> Sí
A24: 20017 | B24: 0 | C24: 245.29899 | D24: 12 | E24: =$C24/SUMIF($B$2:$B$781,B24,$C$2:$C$781) -> 0.016071279 | F24: =IF(AND(OR(B24=0,B24=3,B24=7),D24=12),"Sí","") -> Sí
A25: 20021 | B25: 7 | C25: 244.76821 | D25: 12 | E25: =$C25/SUMIF($B$2:$B$781,B25,$C$2:$C$781) -> 0.036947876 | F25: =IF(AND(OR(B25=0,B25=3,B25=7),D25=12),"Sí","") -> Sí
A26: 20022 | B26: 1 | C26: 241.02622 | D26: 12 | E26: =$C26/SUMIF($B$2:$B$781,B26,$C$2:$C$781) -> 0.54940697 | F26: =IF(AND(OR(B26=0,B26=3,B26=7),D26=12),"Sí","")
A27: 20018 | B27: 0 | C27: 224.56842 | D27: 12 | E27: =$C27/SUMIF($B$2:$B$781,B27,$C$2:$C$781) -> 0.014713072 | F27: =IF(AND(OR(B27=0,B27=3,B27=7),D27=12),"Sí","") -> Sí
A28: 20027 | B28: 2 | C28: 216.33502 | D28: 12 | E28: =$C28/SUMIF($B$2:$B$781,B28,$C$2:$C$781) -> 0.087457369 | F28: =IF(AND(OR(B28=0,B28=3,B28=7),D28=12),"Sí","")
A29: 20024 | B29: 0 | C29: 210.25368 | D29: 12 | E29: =$C29/SUMIF($B$2:$B$781,B29,$C$2:$C$781) -> 0.013775212 | F29: =IF(AND(OR(B29=0,B29=3,B29=7),D29=12),"Sí","") -> Sí
A30: 20025 | B30: 0 | C30: 210.06258 | D30: 12 | E30: =$C30/SUMIF($B$2:$B$781,B30,$C$2:$C$781) -> 0.013762691 | F30: =IF(AND(OR(B30=0,B30=3,B30=7),D30=12),"Sí","") -> Sí
A31: 20085 | B31: 2 | C31: 209.58541 | D31: 3 | E31: =$C31/SUMIF($B$2:$B$781,B31,$C$2:$C$781) -> 0.084728716 | F31: =IF(AND(OR(B31=0,B31=3,B31=7),D31=12),"Sí","")
A32: 20031 | B32: 0 | C32: 201.13182 | D32: 12 | E32: =$C32/SUMIF($B$2:$B$781,B32,$C$2:$C$781) -> 0.013177574 | F32: =IF(AND(OR(B32=0,B32=3,B32=7),D32=12),"Sí","") -> Sí
A33: 20089 | B33: 2 | C33: 190.61176 | D33: 5 | E33: =$C33/SUMIF($B$2:$B$781,B33,$C$2:$C$781) -> 0.07705827 | F33: =IF(AND(OR(B33=0,B33=3,B33=7),D33=12),"Sí","")
A34: 20042 | B34: 0 | C34: 181.32716 | D34: 12 | E34: =$C34/SUMIF($B$2:$B$781,B34,$C$2:$C$781) -> 0.01188003 | F34: =IF(AND(OR(B34=0,B34=3,B34=7),D34=12),"Sí","") -> Sí
... A68: 20150 | B68: 7 | C68: 107.41561 | D68: 9 | E68: =$C68/SUMIF($B$2:$B$781,B68,$C$2:$C$781) -> 0.016214437 | F68: =IF(AND(OR(B68=0,B68=3,B68=7),D68=12),"Sí","")
A69: 20210 | B69: Serie 2018 incompleta ==> promediar | C69: 106.97632 | D69: 0 | E69: =$C69/SUMIF($B$2:$B$781,B69,$C$2:$C$781) -> 0.046443652 | F69: =IF(AND(OR(B69=0,B69=3,B69=7),D69=12),"Sí","")
A70: 20056 | B70: 7 | C70: 106.61924 | D70: 12 | E70: =$C70/SUMIF($B$2:$B$781,B70,$C$2:$C$781) -> 0.016094225 | F70: =IF(AND(OR(B70=0,B70=3,B70=7),D70=12),"Sí","") -> Sí
A71: 20094 | B71: 0 | C71: 104.60008 | D71: 12 | E71: =$C71/SUMIF($B$2:$B$781,B71,$C$2:$C$781) -> 0.0068530938 | F71: =IF(AND(OR(B71=0,B71=3,B71=7),D71=12),"Sí","") -> Sí
A72: 20174 | B72: Serie 2018 incompleta ==> promediar | C72: 102.49379 | D72: 0 | E72: =$C72/SUMIF($B$2:$B$781,B72,$C$2:$C$781) -> 0.044497566 | F72: =IF(AND(OR(B72=0,B72=3,B72=7),D72=12),"Sí","")
A73: 20081 | B73: 0 | C73: 100.9554 | D73: 12 | E73: =$C73/SUMIF($B$2:$B$781,B73,$C$2:$C$781) -> 0.0066143052 | F73: =IF(AND(OR(B73=0,B73=3,B73=7),D73=12),"Sí","") -> Sí
A74: 20062 | B74: 0 | C74: 100.867 | D74: 12 | E74: =$C74/SUMIF($B$2:$B$781,B74,$C$2:$C$781) -> 0.0066085133 | F74: =IF(AND(OR(B74=0,B74=3,B74=7),D74=12),"Sí","") -> Sí
A75: 20068 | B75: 0 | C75: 100.42795 | D75: 12 | E75: =$C75/SUMIF($B$2:$B$781,B75,$C$2:$C$781) -> 0.0065797482 | F75: =IF(AND(OR(B75=0,B75=3,B75=7),D75=12),"Sí","") -> Sí
A76: 20071 | B76: 0 | C76: 100.20783 | D76: 12 | E76: =$C76/SUMIF($B$2:$B$781,B76,$C$2:$C$781) -> 0.0065653266 | F76: =IF(AND(OR(B76=0,B76=3,B76=7),D76=12),"Sí","") -> Sí
A77: 20143 | B77: 7 | C77: 99.805833 | D77: 8 | E77: =$C77/SUMIF($B$2:$B$781,B77,$C$2:$C$781) -> 0.015065738 | F77: =IF(AND(OR(B77=0,B77=3,B77=7),D77=12),"Sí","")
A78: 20126 | B78: 7 | C78: 99.731973 | D78: 9 | E78: =$C78/SUMIF($B$2:$B$781,B78,$C$2:$C$781) -> 0.015054589 | F78: =IF(AND(OR(B78=0,B78=3,B78=7),D78=12),"Sí","")
A79: 20066 | B79: 0 | C79: 99.182697 | D79: 12 | E79: =$C79/SUMIF($B$2:$B$781,B79,$C$2:$C$781) -> 0.0064981628 | F79: =IF(AND(OR(B79=0,B79=3,B79=7),D79=12),"Sí","") -> Sí
A80: 20055 | B80: 0 | C80: 98.71248 | D80: 12 | E80: =$C80/SUMIF($B$2:$B$781,B80,$C$2:$C$781) -> 0.0064673556 | F80: =IF(AND(OR(B80=0,B80=3,B80=7),D80=12),"Sí","") -> Sí
A81: 20076 | B81: 7 | C81: 98.06029 | D81: 12 | E81: =$C81/SUMIF($B$2:$B$781,B81,$C$2:$C$781) -> 0.014802247 | F81: =IF(AND(OR(B81=0,B81=3,B81=7),D81=12),"Sí","") -> Sí
A82: 20037 | B82: 0 | C82: 95.861347 | D82: 12 | E82: =$C82/SUMIF($B$2:$B$781,B82,$C$2:$C$781) -> 0.0062805576 | F82: =IF(AND(OR(B82=0,B82=3,B82=7),D82=12),"Sí","") -> Sí
A83: 20112 | B83: 7 | C83: 95.759547 | D83: 12 | E83: =$C83/SUMIF($B$2:$B$781,B83,$C$2:$C$781) -> 0.014454949 | F83: =IF(AND(OR(B83=0,B83=3,B83=7),D83=12),"Sí","") -> Sí
A84: 20067 | B84: 0 | C84: 95.694147 | D84: 12 | E84: =$C84/SUMIF($B$2:$B$781,B84,$C$2:$C$781) -> 0.0062696031 | F84: =IF(AND(OR(B84=0,B84=3,B84=7),D84=12),"Sí","") -> Sí
... A92: 20095 | B92: 0 | C92: 87.48519 | D92: 12 | E92: =$C92/SUMIF($B$2:$B$781,B92,$C$2:$C$781) -> 0.0057317761 | F92: =IF(AND(OR(B92=0,B92=3,B92=7),D92=12),"Sí","") -> Sí
A93: 20213 | B93: Serie 2018 incompleta ==> promediar | C93: 87.25837 | D93: 0 | E93: =$C93/SUMIF($B$2:$B$781,B93,$C$2:$C$781) -> 0.037883125 | F93: =IF(AND(OR(B93=0,B93=3,B93=7),D93=12),"Sí","")
A94: 20170 | B94: 2 | C94: 85.62672 | D94: 8 | E94: =$C94/SUMIF($B$2:$B$781,B94,$C$2:$C$781) -> 0.034616159 | F94: =IF(AND(OR(B94=0,B94=3,B94=7),D94=12),"Sí","")
A95: 20087 | B95: 0 | C95: 83.850667 | D95: 12 | E95: =$C95/SUMIF($B$2:$B$781,B95,$C$2:$C$781) -> 0.0054936526 | F95: =IF(AND(OR(B95=0,B95=3,B95=7),D95=12),"Sí","") -> Sí
A96: 20159 | B96: 2 | C96: 82.25839 | D96: 8 | E96: =$C96/SUMIF($B$2:$B$781,B96,$C$2:$C$781) -> 0.033254451 | F96: =IF(AND(OR(B96=0,B96=3,B96=7),D96=12),"Sí","")
A97: 20111 | B97: 1 | C97: 81.662807 | D97: 12 | E97: =$C97/SUMIF($B$2:$B$781,B97,$C$2:$C$781) -> 0.1861462 | F97: =IF(AND(OR(B97=0,B97=3,B97=7),D97=12),"Sí","")
A98: 20120 | B98: 5 | C98: 79.74111 | D98: 12 | E98: =$C98/SUMIF($B$2:$B$781,B98,$C$2:$C$781) -> 0.34782491 | F98: =IF(AND(OR(B98=0,B98=3,B98=7),D98=12),"Sí","")
A99: 20106 | B99: 0 | C99: 78.04251 | D99: 12 | E99: =$C99/SUMIF($B$2:$B$781,B99,$C$2:$C$781) -> 0.005113119 | F99: =IF(AND(OR(B99=0,B99=3,B99=7),D99=12),"Sí","") -> Sí
A100: 20145 | B100: 0 | C100: 77.097087 | D100: 12 | E100: =$C100/SUMIF($B$2:$B$781,B100,$C$2:$C$781) -> 0.0050511776 | F100: =IF(AND(OR(B100=0,B100=3,B100=7),D100=12),"Sí","") -> Sí
A101: 20119 | B101: 7 | C101: 76.561813 | D101: 12 | E101: =$C101/SUMIF($B$2:$B$781,B101,$C$2:$C$781) -> 0.011557042 | F101: =IF(AND(OR(B101=0,B101=3,B101=7),D101=12),"Sí","") -> Sí
A102: 20108 | B102: 0 | C102: 76.238337 | D102: 12 | E102: =$C102/SUMIF($B$2:$B$781,B102,$C$2:$C$781) -> 0.0049949148 | F102: =IF(AND(OR(B102=0,B102=3,B102=7),D102=12),"Sí","") -> Sí
A103: 20077 | B103: 7 | C103: 75.815373 | D103: 12 | E103: =$C103/SUMIF($B$2:$B$781,B103,$C$2:$C$781) -> 0.011444366 | F103: =IF(AND(OR(B103=0,B103=3,B103=7),D103=12),"Sí","") -> Sí
A104: 20122 | B104: 0 | C104: 75.72015 | D104: 12 | E104: =$C104/SUMIF($B$2:$B$781,B104,$C$2:$C$781) -> 0.0049609647 | F104: =IF(AND(OR(B104=0,B104=3,B104=7),D104=12),"Sí","") -> Sí
A105: 20103 | B105: 0 | C105: 74.89925 | D105: 12 | E105: =$C105/SUMIF($B$2:$B$781,B105,$C$2:$C$781) -> 0.0049071818 | F105: =IF(AND(OR(B105=0,B105=3,B105=7),D105=12),"Sí","") -> Sí
... A112: 20118 | B112: 3 | C112: 67.41945 | D112: 12 | E112: =$C112/SUMIF($B$2:$B$781,B112,$C$2:$C$781) -> 0.020357305 | F112: =IF(AND(OR(B112=0,B112=3,B112=7),D112=12),"Sí","") -> Sí
A113: 20257 | B113: Serie 2018 incompleta ==> promediar | C113: 66.993973 | D113: 0 | E113: =$C113/SUMIF($B$2:$B$781,B113,$C$2:$C$781) -> 0.02908536 | F113: =IF(AND(OR(B113=0,B113=3,B113=7),D113=12),"Sí","")
A114: 20132 | B114: 7 | C114: 66.82849 | D114: 12 | E114: =$C114/SUMIF($B$2:$B$781,B114,$C$2:$C$781) -> 0.010087792 | F114: =IF(AND(OR(B114=0,B114=3,B114=7),D114=12),"Sí","") -> Sí
A115: 20155 | B115: 0 | C115: 66.592303 | D115: 12 | E115: =$C115/SUMIF($B$2:$B$781,B115,$C$2:$C$781) -> 0.0043629347 | F115: =IF(AND(OR(B115=0,B115=3,B115=7),D115=12),"Sí","") -> Sí
A116: 20164 | B116: 7 | C116: 66.499767 | D116: 12 | E116: =$C116/SUMIF($B$2:$B$781,B116,$C$2:$C$781) -> 0.010038171 | F116: =IF(AND(OR(B116=0,B116=3,B116=7),D116=12),"Sí","") -> Sí
A117: 20140 | B117: 0 | C117: 66.38814 | D117: 12 | E117: =$C117/SUMIF($B$2:$B$781,B117,$C$2:$C$781) -> 0.0043495585 | F117: =IF(AND(OR(B117=0,B117=3,B117=7),D117=12),"Sí","") -> Sí
A118: 20099 | B118: 0 | C118: 66.37705 | D118: 12 | E118: =$C118/SUMIF($B$2:$B$781,B118,$C$2:$C$781) -> 0.0043488319 | F118: =IF(AND(OR(B118=0,B118=3,B118=7),D118=12),"Sí","") -> Sí
A119: 20082 | B119: 0 | C119: 65.254293 | D119: 12 | E119: =$C119/SUMIF($B$2:$B$781,B119,$C$2:$C$781) -> 0.0042752722 | F119: =IF(AND(OR(B119=0,B119=3,B119=7),D119=12),"Sí","") -> Sí
A120: 20092 | B120: 0 | C120: 64.79109 | D120: 12 | E120: =$C120/SUMIF($B$2:$B$781,B120,$C$2:$C$781) -> 0.0042449244 | F120: =IF(AND(OR(B120=0,B120=3,B120=7),D120=12),"Sí","") -> Sí
A121: 20072 | B121: 7 | C121: 64.05672 | D121: 12 | E121: =$C121/SUMIF($B$2:$B$781,B121,$C$2:$C$781) -> 0.0096693922 | F121: =IF(AND(OR(B121=0,B121=3,B121=7),D121=12),"Sí","") -> Sí
A122: 20236 | B122: Serie 2018 incompleta ==> promediar | C122: 62.78056 | D122: 0 | E122: =$C122/SUMIF($B$2:$B$781,B122,$C$2:$C$781) -> 0.027256111 | F122: =IF(AND(OR(B122=0,B122=3,B122=7),D122=12),"Sí","")
A123: 20129 | B123: 0 | C123: 62.50584 | D123: 12 | E123: =$C123/SUMIF($B$2:$B$781,B123,$C$2:$C$781) -> 0.0040952015 | F123: =IF(AND(OR(B123=0,B123=3,B123=7),D123=12),"Sí","") -> Sí
A124: 20139 | B124: 0 | C124: 62.48697 | D124: 12 | E124: =$C124/SUMIF($B$2:$B$781,B124,$C$2:$C$781) -> 0.0040939652 | F124: =IF(AND(OR(B124=0,B124=3,B124=7),D124=12),"Sí","") -> Sí
A125: 20148 | B125: 0 | C125: 60.98461 | D125: 12 | E125: =$C125/SUMIF($B$2:$B$781,B125,$C$2:$C$781) -> 0.0039955349 | F125: =IF(AND(OR(B125=0,B125=3,B125=7),D125=12),"Sí","") -> Sí
A126: 20114 | B126: 0 | C126: 60.2238 | D126: 12 | E126: =$C126/SUMIF($B$2:$B$781,B126,$C$2:$C$781) -> 0.0039456888 | F126: =IF(AND(OR(B126=0,B126=3,B126=7),D126=12),"Sí","") -> Sí
A127: 20133 | B127: 0 | C127: 59.91804 | D127: 12 | E127: =$C127/SUMIF($B$2:$B$781,B127,$C$2:$C$781) -> 0.0039256563 | F127: =IF(AND(OR(B127=0,B127=3,B127=7),D127=12),"Sí","") -> Sí
A128: 20096 | B128: 0 | C128: 58.95569 | D128: 12 | E128: =$C128/SUMIF($B$2:$B$781,B128,$C$2:$C$781) -> 0.0038626059 | F128: =IF(AND(OR(B128=0,B128=3,B128=7),D128=12),"Sí","") -> Sí
A129: 20161 | B129: 0 | C129: 57.066063 | D129: 12 | E129: =$C129/SUMIF($B$2:$B$781,B129,$C$2:$C$781) -> 0.0037388031 | F129: =IF(AND(OR(B129=0,B129=3,B129=7),D129=12),"Sí","") -> Sí
A130: 20227 | B130: 2 | C130: 56.879913 | D130: 12 | E130: =$C130/SUMIF($B$2:$B$781,B130,$C$2:$C$781) -> 0.02299474 | F130: =IF(AND(OR(B130=0,B130=3,B130=7),D130=12),"Sí","")
A131: 20162 | B131: 0 | C131: 56.823707 | D131: 12 | E131: =$C131/SUMIF($B$2:$B$781,B131,$C$2:$C$781) -> 0.0037229246 | F131: =IF(AND(OR(B131=0,B131=3,B131=7),D131=12),"Sí","") -> Sí
A132: 20261 | B132: Serie 2018 incompleta ==> promediar | C132: 55.97109 | D132: 0 | E132: =$C132/SUMIF($B$2:$B$781,B132,$C$2:$C$781) -> 0.024299787 | F132: =IF(AND(OR(B132=0,B132=3,B132=7),D132=12),"Sí","")
A133: 20086 | B133: 0 | C133: 54.669 | D133: 12 | E133: =$C133/SUMIF($B$2:$B$781,B133,$C$2:$C$781) -> 0.0035817544 | F133: =IF(AND(OR(B133=0,B133=3,B133=7),D133=12),"Sí","") -> Sí
A134: 20144 | B134: 0 | C134: 54.610953 | D134: 12 | E134: =$C134/SUMIF($B$2:$B$781,B134,$C$2:$C$781) -> 0.0035779514 | F134: =IF(AND(OR(B134=0,B134=3,B134=7),D134=12),"Sí","") -> Sí
A135: 20097 | B135: 0 | C135: 53.213563 | D135: 12 | E135: =$C135/SUMIF($B$2:$B$781,B135,$C$2:$C$781) -> 0.0034863984 | F135: =IF(AND(OR(B135=0,B135=3,B135=7),D135=12),"Sí","") -> Sí
A136: 20203 | B136: 7 | C136: 52.9165 | D136: 12 | E136: =$C136/SUMIF($B$2:$B$781,B136,$C$2:$C$781) -> 0.0079877707 | F136: =IF(AND(OR(B136=0,B136=3,B136=7),D136=12),"Sí","") -> Sí
A137: 20100 | B137: 7 | C137: 52.673767 | D137: 12 | E137: =$C137/SUMIF($B$2:$B$781,B137,$C$2:$C$781) -> 0.00795113 | F137: =IF(AND(OR(B137=0,B137=3,B137=7),D137=12),"Sí","") -> Sí
A138: 20124 | B138: 0 | C138: 52.476353 | D138: 12 | E138: =$C138/SUMIF($B$2:$B$781,B138,$C$2:$C$781) -> 0.0034380986 | F138: =IF(AND(OR(B138=0,B138=3,B138=7),D138=12),"Sí","") -> Sí
A139: 20151 | B139: 0 | C139: 52.09759 | D139: 12 | E139: =$C139/SUMIF($B$2:$B$781,B139,$C$2:$C$781) -> 0.0034132831 | F139: =IF(AND(OR(B139=0,B139=3,B139=7),D139=12),"Sí","") -> Sí
A140: 20146 | B140: 0 | C140: 51.94644 | D140: 12 | E140: =$C140/SUMIF($B$2:$B$781,B140,$C$2:$C$781) -> 0.0034033802 | F140: =IF(AND(OR(B140=0,B140=3,B140=7),D140=12),"Sí","") -> Sí
A141: 20109 | B141: 0 | C141: 51.540627 | D141: 12 | E141: =$C141/SUMIF($B$2:$B$781,B141,$C$2:$C$781) -> 0.0033767925 | F141: =IF(AND(OR(B141=0,B141=3,B141=7),D141=12),"Sí","") -> Sí
A142: 20137 | B142: 0 | C142: 50.79957 | D142: 12 | E142: =$C142/SUMIF($B$2:$B$781,B142,$C$2:$C$781) -> 0.0033282406 | F142: =IF(AND(OR(B142=0,B142=3,B142=7),D142=12),"Sí","") -> Sí
A143: 20167 | B143: 0 | C143: 49.712273 | D143: 12 | E143: =$C143/SUMIF($B$2:$B$781,B143,$C$2:$C$781) -> 0.0032570041 | F143: =IF(AND(OR(B143=0,B143=3,B143=7),D143=12),"Sí","") -> Sí
A144: 20286 | B144: Serie 2018 incompleta ==> promediar | C144: 47.802417 | D144: 0 | E144: =$C144/SUMIF($B$2:$B$781,B144,$C$2:$C$781) -> 0.020753367 | F144: =IF(AND(OR(B144=0,B144=3,B144=7),D144=12),"Sí","")
A145: 20117 | B145: 0 | C145: 47.408537 | D145: 12 | E145: =$C145/SUMIF($B$2:$B$781,B145,$C$2:$C$781) -> 0.0031060699 | F145: =IF(AND(OR(B145=0,B145=3,B145=7),D145=12),"Sí","") -> Sí
A146: 20090 | B146: 0 | C146: 46.920997 | D146: 12 | E146: =$C146/SUMIF($B$2:$B$781,B146,$C$2:$C$781) -> 0.0030741277 | F146: =IF(AND(OR(B146=0,B146=3,B146=7),D146=12),"Sí","") -> Sí
...

Sheet 33 magicos
A1: Product_ID | B1: Cluster DTW | C1: Tons Prom Oct-Dic19 | E1: Etiquetas de fila | F1: Cuenta de Product_ID | H1: Tons Prom Oct-Dic19
A2: 20001 | B2: =VLOOKUP(A2,'780 a pred'!$A$2:$B$781,2,0) -> 7 | C2: 1487.8555 | E2: 0 | F2: 20 | G2: =F2/F$6 -> 0.60606061 | H2: =SUMIF($B$2:$B$34,E2,$C$2:$C$34) -> 2936.3772 | I2: =H2/H$6 -> 0.32617886
A3: 20002 | B3: =VLOOKUP(A3,'780 a pred'!$A$2:$B$781,2,0) -> 3 | C3: 1496.8074 | E3: 3 | F3: 3 | G3: =F3/F$6 -> 0.090909091 | H3: =SUMIF($B$2:$B$34,E3,$C$2:$C$34) -> 2651.2459 | I3: =H3/H$6 -> 0.29450589
A4: 20003 | B4: =VLOOKUP(A4,'780 a pred'!$A$2:$B$781,2,0) -> 3 | C4: 974.05389 | E4: 5 | F4: 1 | G4: =F4/F$6 -> 0.03030303 | H4: =SUMIF($B$2:$B$34,E4,$C$2:$C$34) -> 37.03873 | I4: =H4/H$6 -> 0.0041143389
A5: 20006 | B5: =VLOOKUP(A5,'780 a pred'!$A$2:$B$781,2,0) -> 0 | C5: 448.39093 | E5: 7 | F5: 9 | G5: =F5/F$6 -> 0.27272727 | H5: =SUMIF($B$2:$B$34,E5,$C$2:$C$34) -> 3377.6909 | I5: =H5/H$6 -> 0.37520091
A6: 20008 | B6: =VLOOKUP(A6,'780 a pred'!$A$2:$B$781,2,0) -> 0 | C6: 348.21295 | E6: Total general | F6: 33 | G6: =F6/F$6 -> 1 | H6: =SUM(H2:H5) -> 9002.3527 | I6: =H6/H$6 -> 1
A7: 20010 | B7: =VLOOKUP(A7,'780 a pred'!$A$2:$B$781,2,0) -> 7 | C7: 426.46245
A8: 20011 | B8: =VLOOKUP(A8,'780 a pred'!$A$2:$B$781,2,0) -> 0 | C8: 370.07334
A9: 20017 | B9: =VLOOKUP(A9,'780 a pred'!$A$2:$B$781,2,0) -> 0 | C9: 245.29899
A10: 20018 | B10: =VLOOKUP(A10,'780 a pred'!$A$2:$B$781,2,0) -> 0 | C10: 224.56842
A11: 20019 | B11: =VLOOKUP(A11,'780 a pred'!$A$2:$B$781,2,0) -> 7 | C11: 394.18423
A12: 20021 | B12: =VLOOKUP(A12,'780 a pred'!$A$2:$B$781,2,0) -> 7 | C12: 244.76821
A13: 20026 | B13: =VLOOKUP(A13,'780 a pred'!$A$2:$B$781,2,0) -> 0 | C13: 306.54185
A14: 20028 | B14: =VLOOKUP(A14,'780 a pred'!$A$2:$B$781,2,0) -> 7 | C14: 171.26382
A15: 20035 | B15: =VLOOKUP(A15,'780 a pred'!$A$2:$B$781,2,0) -> 7 | C15: 168.89315
A16: 20039 | B16: =VLOOKUP(A16,'780 a pred'!$A$2:$B$781,2,0) -> 0 | C16: 148.75227
A17: 20042 | B17: =VLOOKUP(A17,'780 a pred'!$A$2:$B$781,2,0) -> 0 | C17: 181.32716
A18: 20044 | B18: =VLOOKUP(A18,'780 a pred'!$A$2:$B$781,2,0) -> 0 | C18: 164.60371
... A34: 20838 | B34: =VLOOKUP(A34,'780 a pred'!$A$2:$B$781,2,0) -> 0 | C34: 1.7495067
